,global_entity_id,orders,threshold,performance_metric,value
0,PY_GT,1,0.3,accuracy,0.67
1,FP_SG,1,0.3,accuracy,0.48
2,FP_TH,1,0.3,accuracy,0.25
3,YS_TR,1,0.3,accuracy,0.72
4,YS_TR,1,0.5,accuracy,0.72
5,HF_EG,1,0.3,accuracy,0.63
6,HF_EG,1,0.5,accuracy,0.64
7,TB_OM,1,0.3,accuracy,0.42
8,IN_AE,1,0.3,accuracy,0.42
9,PY_BO,1,0.3,accuracy,0.7
10,PY_CR,1,0.3,accuracy,0.7
11,FP_PH,1,0.3,accuracy,0.41
12,FP_PH,1,0.5,accuracy,0.75
13,IN_EG,1,0.3,accuracy,0.58
14,PY_EC,1,0.3,accuracy,0.69
15,IN_OM,1,0.3,accuracy,0.6
16,FP_HK,1,0.3,accuracy,0.37
17,PY_HN,1,0.3,accuracy,0.64
18,AP_PA,1,0.3,accuracy,0.7
19,OP_SE,1,0.3,accuracy,0.79
20,OP_SE,1,0.5,accuracy,0.79
21,OP_SE,1,0.7,accuracy,0.79
22,FP_TW,1,0.3,accuracy,0.52
23,FP_TW,1,0.5,accuracy,0.6
24,FP_TW,1,0.7,accuracy,0.6
25,HS_SA,1,0.3,accuracy,0.63
26,PY_AR,1,0.5,accuracy,0.69
27,FP_MM,1,0.3,accuracy,0.54
28,FP_KH,1,0.3,accuracy,0.68
29,FP_KH,1,0.5,accuracy,0.7
30,FP_KH,1,0.7,accuracy,0.7
31,TB_JO,1,0.3,accuracy,0.39
32,TB_BH,1,0.3,accuracy,0.46
33,DJ_CZ,1,0.3,accuracy,0.7
34,TB_QA,1,0.3,accuracy,0.35
35,MJM_AT,1,0.3,accuracy,0.53
36,IN_BH,1,0.3,accuracy,0.67
37,PY_CL,1,0.3,accuracy,0.73
38,PY_DO,1,0.3,accuracy,0.54
39,NP_HU,1,0.3,accuracy,0.78
40,NP_HU,1,0.5,accuracy,0.79
41,FP_BD,1,0.3,accuracy,0.72
42,PY_UY,1,0.3,accuracy,0.67
43,FP_LA,1,0.3,accuracy,0.49
44,PY_SV,1,0.3,accuracy,0.47
45,IN_QA,1,0.3,accuracy,0.73
46,EF_GR,1,0.5,accuracy,0.62
47,FP_PK,1,0.3,accuracy,0.71
48,PY_PY,1,0.3,accuracy,0.71
49,FY_CY,1,0.5,accuracy,0.66
50,FO_NO,1,0.3,accuracy,0.78
51,PY_GT,3,0.3,accuracy,0.76
52,PY_GT,3,0.5,accuracy,0.37
53,FP_SG,3,0.3,accuracy,0.7
54,FP_SG,3,0.5,accuracy,0.22
55,FP_TH,3,0.5,accuracy,0.6
56,YS_TR,3,0.3,accuracy,0.7
57,YS_TR,3,0.5,accuracy,0.19
58,HF_EG,3,0.3,accuracy,0.66
59,HF_EG,3,0.5,accuracy,0.47
60,TB_OM,3,0.5,accuracy,0.54
61,TB_OM,3,0.7,accuracy,0.42
62,IN_AE,3,0.5,accuracy,0.73
63,IN_AE,3,0.7,accuracy,0.17
64,PY_BO,3,0.3,accuracy,0.71
65,PY_BO,3,0.5,accuracy,0.38
66,PY_CR,3,0.3,accuracy,0.55
67,PY_CR,3,0.5,accuracy,0.32
68,FP_PH,3,0.3,accuracy,0.73
69,FP_PH,3,0.5,accuracy,0.57
70,IN_EG,3,0.3,accuracy,0.75
71,IN_EG,3,0.5,accuracy,0.54
72,IN_EG,3,0.7,accuracy,0.15
73,FP_MY,3,0.5,accuracy,0.61
74,PY_EC,3,0.3,accuracy,0.52
75,PY_EC,3,0.5,accuracy,0.31
76,TB_KW,3,0.5,accuracy,0.71
77,TB_KW,3,0.7,accuracy,0.21
78,FP_HK,3,0.5,accuracy,0.5
79,FP_HK,3,0.7,accuracy,0.33
80,PY_HN,3,0.3,accuracy,0.51
81,PY_HN,3,0.5,accuracy,0.22
82,AP_PA,3,0.3,accuracy,0.82
83,AP_PA,3,0.5,accuracy,0.41
84,OP_SE,3,0.3,accuracy,0.61
85,OP_SE,3,0.5,accuracy,0.17
86,FP_TW,3,0.3,accuracy,0.79
87,FP_TW,3,0.5,accuracy,0.65
88,HS_SA,3,0.3,accuracy,0.58
89,HS_SA,3,0.5,accuracy,0.28
90,PY_AR,3,0.5,accuracy,0.63
91,PY_AR,3,0.7,accuracy,0.34
92,FP_MM,3,0.3,accuracy,0.72
93,FP_MM,3,0.5,accuracy,0.5
94,FP_KH,3,0.3,accuracy,0.56
95,FP_KH,3,0.5,accuracy,0.45
96,TB_JO,3,0.3,accuracy,0.84
97,TB_JO,3,0.5,accuracy,0.7
98,TB_BH,3,0.3,accuracy,0.74
99,TB_BH,3,0.5,accuracy,0.33
100,DJ_CZ,3,0.3,accuracy,0.64
101,DJ_CZ,3,0.5,accuracy,0.25
102,TB_QA,3,0.5,accuracy,0.52
103,MJM_AT,3,0.3,accuracy,0.75
104,MJM_AT,3,0.5,accuracy,0.54
105,PY_CL,3,0.3,accuracy,0.57
106,PY_CL,3,0.5,accuracy,0.26
107,PY_PE,3,0.3,accuracy,0.71
108,PY_PE,3,0.5,accuracy,0.33
109,PY_DO,3,0.3,accuracy,0.71
110,PY_DO,3,0.5,accuracy,0.55
111,NP_HU,3,0.3,accuracy,0.55
112,NP_HU,3,0.5,accuracy,0.29
113,FP_BD,3,0.3,accuracy,0.58
114,FP_BD,3,0.5,accuracy,0.29
115,PY_UY,3,0.3,accuracy,0.49
116,PY_UY,3,0.5,accuracy,0.31
117,TB_IQ,3,0.5,accuracy,0.76
118,TB_IQ,3,0.7,accuracy,0.42
119,FP_LA,3,0.3,accuracy,0.7
120,FP_LA,3,0.5,accuracy,0.55
121,PY_SV,3,0.3,accuracy,0.8
122,PY_SV,3,0.5,accuracy,0.62
123,PY_SV,3,0.7,accuracy,0.31
124,TB_AE,3,0.5,accuracy,0.55
125,TB_AE,3,0.7,accuracy,0.26
126,EF_GR,3,0.5,accuracy,0.7
127,EF_GR,3,0.7,accuracy,0.24
128,FP_PK,3,0.3,accuracy,0.56
129,FP_PK,3,0.5,accuracy,0.34
130,PY_PY,3,0.3,accuracy,0.79
131,PY_PY,3,0.5,accuracy,0.27
132,FY_CY,3,0.5,accuracy,0.74
133,FY_CY,3,0.7,accuracy,0.37
134,PO_FI,3,0.3,accuracy,0.72
135,PO_FI,3,0.5,accuracy,0.28
136,FO_NO,3,0.3,accuracy,0.52
137,FO_NO,3,0.5,accuracy,0.17
138,PY_GT,2,0.3,accuracy,0.34
139,FP_SG,2,0.3,accuracy,0.61
140,FP_SG,2,0.5,accuracy,0.32
141,FP_TH,2,0.5,accuracy,0.42
142,YS_TR,2,0.3,accuracy,0.38
143,YS_TR,2,0.5,accuracy,0.31
144,HF_EG,2,0.3,accuracy,0.26
145,HF_EG,2,0.5,accuracy,0.61
146,HF_EG,2,0.7,accuracy,0.57
147,TB_OM,2,0.3,accuracy,0.48
148,TB_OM,2,0.5,accuracy,0.29
149,IN_AE,2,0.3,accuracy,0.53
150,IN_AE,2,0.5,accuracy,0.33
151,PY_BO,2,0.3,accuracy,0.37
152,PY_BO,2,0.5,accuracy,0.34
153,PY_CR,2,0.3,accuracy,0.39
154,PY_CR,2,0.5,accuracy,0.41
155,FP_PH,2,0.3,accuracy,0.57
156,FP_PH,2,0.5,accuracy,0.37
157,IN_EG,2,0.3,accuracy,0.51
158,IN_EG,2,0.5,accuracy,0.3
159,FP_MY,2,0.5,accuracy,0.39
160,PY_EC,2,0.3,accuracy,0.34
161,TB_KW,2,0.5,accuracy,0.35
162,FP_HK,2,0.3,accuracy,0.57
163,FP_HK,2,0.5,accuracy,0.35
164,PY_HN,2,0.3,accuracy,0.32
165,PY_HN,2,0.5,accuracy,0.33
166,AP_PA,2,0.3,accuracy,0.31
167,AP_PA,2,0.5,accuracy,0.36
168,OP_SE,2,0.3,accuracy,0.24
169,OP_SE,2,0.5,accuracy,0.38
170,FP_TW,2,0.3,accuracy,0.56
171,FP_TW,2,0.5,accuracy,0.43
172,HS_SA,2,0.3,accuracy,0.37
173,HS_SA,2,0.5,accuracy,0.32
174,PY_AR,2,0.5,accuracy,0.34
175,PY_AR,2,0.7,accuracy,0.4
176,FP_MM,2,0.3,accuracy,0.54
177,FP_MM,2,0.5,accuracy,0.46
178,FP_KH,2,0.3,accuracy,0.39
179,FP_KH,2,0.5,accuracy,0.43
180,TB_JO,2,0.3,accuracy,0.65
181,TB_JO,2,0.5,accuracy,0.38
182,TB_BH,2,0.3,accuracy,0.54
183,TB_BH,2,0.5,accuracy,0.43
184,DJ_CZ,2,0.3,accuracy,0.27
185,DJ_CZ,2,0.5,accuracy,0.35
186,TB_QA,2,0.5,accuracy,0.37
187,MJM_AT,2,0.3,accuracy,0.51
188,MJM_AT,2,0.5,accuracy,0.38
189,IN_BH,2,0.3,accuracy,0.0
190,IN_BH,2,0.5,accuracy,0.75
191,PY_CL,2,0.3,accuracy,0.29
192,PY_CL,2,0.5,accuracy,0.38
193,PY_PE,2,0.3,accuracy,0.31
194,PY_DO,2,0.3,accuracy,0.44
195,PY_DO,2,0.5,accuracy,0.37
196,NP_HU,2,0.3,accuracy,0.27
197,NP_HU,2,0.5,accuracy,0.37
198,FP_BD,2,0.3,accuracy,0.33
199,FP_BD,2,0.5,accuracy,0.48
200,PY_UY,2,0.3,accuracy,0.36
201,PY_UY,2,0.5,accuracy,0.31
202,TB_IQ,2,0.5,accuracy,0.48
203,FP_LA,2,0.3,accuracy,0.62
204,FP_LA,2,0.5,accuracy,0.38
205,PY_SV,2,0.3,accuracy,0.6
206,PY_SV,2,0.5,accuracy,0.37
207,TB_AE,2,0.5,accuracy,0.38
208,EF_GR,2,0.5,accuracy,0.34
209,FP_PK,2,0.3,accuracy,0.25
210,FP_PK,2,0.5,accuracy,0.56
211,PY_PY,2,0.3,accuracy,0.38
212,PY_PY,2,0.5,accuracy,0.3
213,FY_CY,2,0.5,accuracy,0.29
214,FY_CY,2,0.7,accuracy,0.35
215,PO_FI,2,0.3,accuracy,0.22
216,FO_NO,2,0.3,accuracy,0.28
217,PY_GT,4,0.3,accuracy,0.71
218,PY_GT,4,0.5,accuracy,0.52
219,FP_SG,4,0.5,accuracy,0.58
220,FP_SG,4,0.7,accuracy,0.32
221,FP_TH,4,0.5,accuracy,0.78
222,FP_TH,4,0.7,accuracy,0.23
223,YS_TR,4,0.3,accuracy,0.76
224,YS_TR,4,0.5,accuracy,0.38
225,HF_EG,4,0.3,accuracy,0.82
226,HF_EG,4,0.5,accuracy,0.72
227,HF_EG,4,0.7,accuracy,0.18
228,TB_OM,4,0.5,accuracy,0.75
229,TB_OM,4,0.7,accuracy,0.23
230,IN_AE,4,0.5,accuracy,0.86
231,IN_AE,4,0.7,accuracy,0.25
232,PY_BO,4,0.3,accuracy,0.65
233,PY_BO,4,0.5,accuracy,0.53
234,PY_CR,4,0.3,accuracy,0.5
235,PY_CR,4,0.5,accuracy,0.5
236,FP_PH,4,0.3,accuracy,0.79
237,FP_PH,4,0.5,accuracy,0.74
238,FP_PH,4,0.7,accuracy,0.2
239,IN_EG,4,0.3,accuracy,0.85
240,IN_EG,4,0.5,accuracy,0.79
241,IN_EG,4,0.7,accuracy,0.51
242,FP_MY,4,0.5,accuracy,0.74
243,PY_EC,4,0.3,accuracy,0.58
244,PY_EC,4,0.5,accuracy,0.32
245,TB_KW,4,0.5,accuracy,0.84
246,TB_KW,4,0.7,accuracy,0.27
247,FP_HK,4,0.3,accuracy,0.42
248,FP_HK,4,0.5,accuracy,0.38
249,FP_HK,4,0.7,accuracy,0.29
250,PY_HN,4,0.5,accuracy,0.5
251,PY_HN,4,0.7,accuracy,0.14
252,AP_PA,4,0.5,accuracy,0.44
253,OP_SE,4,0.3,accuracy,0.75
254,OP_SE,4,0.5,accuracy,0.62
255,OP_SE,4,0.7,accuracy,0.12
256,FP_TW,4,0.3,accuracy,0.81
257,FP_TW,4,0.5,accuracy,0.77
258,FP_TW,4,0.7,accuracy,0.17
259,HS_SA,4,0.3,accuracy,0.7
260,HS_SA,4,0.5,accuracy,0.53
261,HS_SA,4,0.7,accuracy,0.26
262,PY_AR,4,0.5,accuracy,0.71
263,PY_AR,4,0.7,accuracy,0.54
264,FP_MM,4,0.3,accuracy,0.83
265,FP_MM,4,0.5,accuracy,0.76
266,FP_MM,4,0.7,accuracy,0.2
267,FP_KH,4,0.3,accuracy,0.67
268,FP_KH,4,0.5,accuracy,0.52
269,FP_KH,4,0.7,accuracy,0.26
270,TB_JO,4,0.5,accuracy,0.7
271,TB_JO,4,0.7,accuracy,0.25
272,TB_BH,4,0.5,accuracy,0.5
273,DJ_CZ,4,0.5,accuracy,0.67
274,TB_QA,4,0.5,accuracy,0.81
275,TB_QA,4,0.7,accuracy,0.19
276,MJM_AT,4,0.7,accuracy,0.17
277,PY_CL,4,0.5,accuracy,0.63
278,PY_PE,4,0.3,accuracy,0.83
279,PY_PE,4,0.5,accuracy,0.63
280,PY_PE,4,0.7,accuracy,0.17
281,PY_DO,4,0.5,accuracy,0.77
282,PY_DO,4,0.7,accuracy,0.4
283,NP_HU,4,0.7,accuracy,0.05
284,FP_BD,4,0.3,accuracy,0.72
285,FP_BD,4,0.5,accuracy,0.44
286,TB_IQ,4,0.7,accuracy,0.78
287,FP_LA,4,0.5,accuracy,0.73
288,FP_LA,4,0.7,accuracy,0.08
289,PY_SV,4,0.7,accuracy,0.69
290,TB_AE,4,0.5,accuracy,0.72
291,TB_AE,4,0.7,accuracy,0.2
292,EF_GR,4,0.5,accuracy,0.8
293,EF_GR,4,0.7,accuracy,0.33
294,FP_PK,4,0.3,accuracy,0.63
295,FP_PK,4,0.5,accuracy,0.49
296,PY_PY,4,0.5,accuracy,0.69
297,FY_CY,4,0.7,accuracy,0.33
298,FO_NO,4,0.5,accuracy,0.82
299,PY_GT,1,0.3,f1_score,0.0
300,FP_SG,1,0.3,f1_score,0.46
301,FP_TH,1,0.3,f1_score,0.4
302,YS_TR,1,0.3,f1_score,0.02
303,YS_TR,1,0.5,f1_score,0.0
304,HF_EG,1,0.3,f1_score,0.19
305,HF_EG,1,0.5,f1_score,0.0
306,TB_OM,1,0.3,f1_score,0.53
307,IN_AE,1,0.3,f1_score,0.39
308,PY_BO,1,0.3,f1_score,0.0
309,PY_CR,1,0.3,f1_score,0.01
310,FP_PH,1,0.3,f1_score,0.42
311,FP_PH,1,0.5,f1_score,0.0
312,IN_EG,1,0.3,f1_score,0.22
313,PY_EC,1,0.3,f1_score,0.0
314,IN_OM,1,0.3,f1_score,0.0
315,FP_HK,1,0.3,f1_score,0.45
316,PY_HN,1,0.3,f1_score,0.01
317,AP_PA,1,0.3,f1_score,0.02
318,OP_SE,1,0.3,f1_score,0.01
319,OP_SE,1,0.5,f1_score,0.0
320,OP_SE,1,0.7,f1_score,0.0
321,FP_TW,1,0.3,f1_score,0.5
322,FP_TW,1,0.5,f1_score,0.0
323,FP_TW,1,0.7,f1_score,0.0
324,HS_SA,1,0.3,f1_score,0.0
325,PY_AR,1,0.5,f1_score,0.01
326,FP_MM,1,0.3,f1_score,0.49
327,FP_KH,1,0.3,f1_score,0.1
328,FP_KH,1,0.5,f1_score,0.0
329,FP_KH,1,0.7,f1_score,0.0
330,TB_JO,1,0.3,f1_score,0.52
331,TB_BH,1,0.3,f1_score,0.39
332,DJ_CZ,1,0.3,f1_score,0.0
333,TB_QA,1,0.3,f1_score,0.52
334,MJM_AT,1,0.3,f1_score,0.42
335,IN_BH,1,0.3,f1_score,0.0
336,PY_CL,1,0.3,f1_score,0.02
337,PY_DO,1,0.3,f1_score,0.41
338,NP_HU,1,0.3,f1_score,0.03
339,NP_HU,1,0.5,f1_score,0.0
340,FP_BD,1,0.3,f1_score,0.16
341,PY_UY,1,0.3,f1_score,0.15
342,FP_LA,1,0.3,f1_score,0.57
343,PY_SV,1,0.3,f1_score,0.51
344,IN_QA,1,0.3,f1_score,0.0
345,EF_GR,1,0.5,f1_score,0.0
346,FP_PK,1,0.3,f1_score,0.1
347,PY_PY,1,0.3,f1_score,0.01
348,FY_CY,1,0.5,f1_score,0.07
349,FO_NO,1,0.3,f1_score,0.0
350,PY_GT,3,0.3,f1_score,0.86
351,PY_GT,3,0.5,f1_score,0.53
352,FP_SG,3,0.3,f1_score,0.82
353,FP_SG,3,0.5,f1_score,0.36
354,FP_TH,3,0.5,f1_score,0.75
355,YS_TR,3,0.3,f1_score,0.82
356,YS_TR,3,0.5,f1_score,0.16
357,HF_EG,3,0.3,f1_score,0.8
358,HF_EG,3,0.5,f1_score,0.64
359,TB_OM,3,0.5,f1_score,0.7
360,TB_OM,3,0.7,f1_score,0.13
361,IN_AE,3,0.5,f1_score,0.84
362,IN_AE,3,0.7,f1_score,0.06
363,PY_BO,3,0.3,f1_score,0.83
364,PY_BO,3,0.5,f1_score,0.55
365,PY_CR,3,0.3,f1_score,0.71
366,PY_CR,3,0.5,f1_score,0.4
367,FP_PH,3,0.3,f1_score,0.84
368,FP_PH,3,0.5,f1_score,0.73
369,IN_EG,3,0.3,f1_score,0.86
370,IN_EG,3,0.5,f1_score,0.7
371,IN_EG,3,0.7,f1_score,0.16
372,FP_MY,3,0.5,f1_score,0.76
373,PY_EC,3,0.3,f1_score,0.69
374,PY_EC,3,0.5,f1_score,0.3
375,TB_KW,3,0.5,f1_score,0.83
376,TB_KW,3,0.7,f1_score,0.12
377,FP_HK,3,0.5,f1_score,0.67
378,FP_HK,3,0.7,f1_score,0.0
379,PY_HN,3,0.3,f1_score,0.67
380,PY_HN,3,0.5,f1_score,0.36
381,AP_PA,3,0.3,f1_score,0.9
382,AP_PA,3,0.5,f1_score,0.58
383,OP_SE,3,0.3,f1_score,0.76
384,OP_SE,3,0.5,f1_score,0.26
385,FP_TW,3,0.3,f1_score,0.88
386,FP_TW,3,0.5,f1_score,0.79
387,HS_SA,3,0.3,f1_score,0.73
388,HS_SA,3,0.5,f1_score,0.43
389,PY_AR,3,0.5,f1_score,0.77
390,PY_AR,3,0.7,f1_score,0.41
391,FP_MM,3,0.3,f1_score,0.84
392,FP_MM,3,0.5,f1_score,0.66
393,FP_KH,3,0.3,f1_score,0.72
394,FP_KH,3,0.5,f1_score,0.58
395,TB_JO,3,0.3,f1_score,0.91
396,TB_JO,3,0.5,f1_score,0.83
397,TB_BH,3,0.3,f1_score,0.85
398,TB_BH,3,0.5,f1_score,0.45
399,DJ_CZ,3,0.3,f1_score,0.78
400,DJ_CZ,3,0.5,f1_score,0.39
401,TB_QA,3,0.5,f1_score,0.68
402,MJM_AT,3,0.3,f1_score,0.86
403,MJM_AT,3,0.5,f1_score,0.7
404,PY_CL,3,0.3,f1_score,0.72
405,PY_CL,3,0.5,f1_score,0.41
406,PY_PE,3,0.3,f1_score,0.83
407,PY_PE,3,0.5,f1_score,0.5
408,PY_DO,3,0.3,f1_score,0.83
409,PY_DO,3,0.5,f1_score,0.71
410,NP_HU,3,0.3,f1_score,0.71
411,NP_HU,3,0.5,f1_score,0.45
412,FP_BD,3,0.3,f1_score,0.74
413,FP_BD,3,0.5,f1_score,0.23
414,PY_UY,3,0.3,f1_score,0.65
415,PY_UY,3,0.5,f1_score,0.48
416,TB_IQ,3,0.5,f1_score,0.86
417,TB_IQ,3,0.7,f1_score,0.58
418,FP_LA,3,0.3,f1_score,0.82
419,FP_LA,3,0.5,f1_score,0.71
420,PY_SV,3,0.3,f1_score,0.89
421,PY_SV,3,0.5,f1_score,0.76
422,PY_SV,3,0.7,f1_score,0.41
423,TB_AE,3,0.5,f1_score,0.71
424,TB_AE,3,0.7,f1_score,0.0
425,EF_GR,3,0.5,f1_score,0.82
426,EF_GR,3,0.7,f1_score,0.22
427,FP_PK,3,0.3,f1_score,0.72
428,FP_PK,3,0.5,f1_score,0.41
429,PY_PY,3,0.3,f1_score,0.88
430,PY_PY,3,0.5,f1_score,0.43
431,FY_CY,3,0.5,f1_score,0.85
432,FY_CY,3,0.7,f1_score,0.54
433,PO_FI,3,0.3,f1_score,0.84
434,PO_FI,3,0.5,f1_score,0.43
435,FO_NO,3,0.3,f1_score,0.68
436,FO_NO,3,0.5,f1_score,0.29
437,PY_GT,2,0.3,f1_score,0.51
438,FP_SG,2,0.3,f1_score,0.76
439,FP_SG,2,0.5,f1_score,0.01
440,FP_TH,2,0.5,f1_score,0.52
441,YS_TR,2,0.3,f1_score,0.5
442,YS_TR,2,0.5,f1_score,0.0
443,HF_EG,2,0.3,f1_score,0.41
444,HF_EG,2,0.5,f1_score,0.34
445,HF_EG,2,0.7,f1_score,0.0
446,TB_OM,2,0.3,f1_score,0.65
447,TB_OM,2,0.5,f1_score,0.4
448,IN_AE,2,0.3,f1_score,0.69
449,IN_AE,2,0.5,f1_score,0.48
450,PY_BO,2,0.3,f1_score,0.54
451,PY_BO,2,0.5,f1_score,0.01
452,PY_CR,2,0.3,f1_score,0.55
453,PY_CR,2,0.5,f1_score,0.0
454,FP_PH,2,0.3,f1_score,0.73
455,FP_PH,2,0.5,f1_score,0.43
456,IN_EG,2,0.3,f1_score,0.67
457,IN_EG,2,0.5,f1_score,0.25
458,FP_MY,2,0.5,f1_score,0.47
459,PY_EC,2,0.3,f1_score,0.51
460,TB_KW,2,0.5,f1_score,0.52
461,FP_HK,2,0.3,f1_score,0.72
462,FP_HK,2,0.5,f1_score,0.4
463,PY_HN,2,0.3,f1_score,0.48
464,PY_HN,2,0.5,f1_score,0.03
465,AP_PA,2,0.3,f1_score,0.47
466,AP_PA,2,0.5,f1_score,0.19
467,OP_SE,2,0.3,f1_score,0.38
468,OP_SE,2,0.5,f1_score,0.0
469,FP_TW,2,0.3,f1_score,0.72
470,FP_TW,2,0.5,f1_score,0.48
471,HS_SA,2,0.3,f1_score,0.54
472,HS_SA,2,0.5,f1_score,0.01
473,PY_AR,2,0.5,f1_score,0.5
474,PY_AR,2,0.7,f1_score,0.0
475,FP_MM,2,0.3,f1_score,0.7
476,FP_MM,2,0.5,f1_score,0.4
477,FP_KH,2,0.3,f1_score,0.55
478,FP_KH,2,0.5,f1_score,0.31
479,TB_JO,2,0.3,f1_score,0.79
480,TB_JO,2,0.5,f1_score,0.53
481,TB_BH,2,0.3,f1_score,0.7
482,TB_BH,2,0.5,f1_score,0.17
483,DJ_CZ,2,0.3,f1_score,0.42
484,DJ_CZ,2,0.5,f1_score,0.01
485,TB_QA,2,0.5,f1_score,0.46
486,MJM_AT,2,0.3,f1_score,0.68
487,MJM_AT,2,0.5,f1_score,0.39
488,IN_BH,2,0.3,f1_score,0.0
489,IN_BH,2,0.5,f1_score,0.0
490,PY_CL,2,0.3,f1_score,0.45
491,PY_CL,2,0.5,f1_score,0.01
492,PY_PE,2,0.3,f1_score,0.47
493,PY_DO,2,0.3,f1_score,0.61
494,PY_DO,2,0.5,f1_score,0.37
495,NP_HU,2,0.3,f1_score,0.42
496,NP_HU,2,0.5,f1_score,0.16
497,FP_BD,2,0.3,f1_score,0.49
498,FP_BD,2,0.5,f1_score,0.0
499,PY_UY,2,0.3,f1_score,0.53
500,PY_UY,2,0.5,f1_score,0.29
501,TB_IQ,2,0.5,f1_score,0.65
502,FP_LA,2,0.3,f1_score,0.77
503,FP_LA,2,0.5,f1_score,0.45
504,PY_SV,2,0.3,f1_score,0.75
505,PY_SV,2,0.5,f1_score,0.51
506,TB_AE,2,0.5,f1_score,0.43
507,EF_GR,2,0.5,f1_score,0.48
508,FP_PK,2,0.3,f1_score,0.4
509,FP_PK,2,0.5,f1_score,0.01
510,PY_PY,2,0.3,f1_score,0.55
511,PY_PY,2,0.5,f1_score,0.01
512,FY_CY,2,0.5,f1_score,0.45
513,FY_CY,2,0.7,f1_score,0.19
514,PO_FI,2,0.3,f1_score,0.36
515,FO_NO,2,0.3,f1_score,0.43
516,PY_GT,4,0.3,f1_score,0.83
517,PY_GT,4,0.5,f1_score,0.69
518,FP_SG,4,0.5,f1_score,0.73
519,FP_SG,4,0.7,f1_score,0.0
520,FP_TH,4,0.5,f1_score,0.87
521,FP_TH,4,0.7,f1_score,0.26
522,YS_TR,4,0.3,f1_score,0.87
523,YS_TR,4,0.5,f1_score,0.52
524,HF_EG,4,0.3,f1_score,0.9
525,HF_EG,4,0.5,f1_score,0.84
526,HF_EG,4,0.7,f1_score,0.08
527,TB_OM,4,0.5,f1_score,0.86
528,TB_OM,4,0.7,f1_score,0.3
529,IN_AE,4,0.5,f1_score,0.92
530,IN_AE,4,0.7,f1_score,0.36
531,PY_BO,4,0.3,f1_score,0.79
532,PY_BO,4,0.5,f1_score,0.69
533,PY_CR,4,0.3,f1_score,0.67
534,PY_CR,4,0.5,f1_score,0.44
535,FP_PH,4,0.3,f1_score,0.89
536,FP_PH,4,0.5,f1_score,0.85
537,FP_PH,4,0.7,f1_score,0.1
538,IN_EG,4,0.3,f1_score,0.92
539,IN_EG,4,0.5,f1_score,0.88
540,IN_EG,4,0.7,f1_score,0.67
541,FP_MY,4,0.5,f1_score,0.85
542,PY_EC,4,0.3,f1_score,0.73
543,PY_EC,4,0.5,f1_score,0.49
544,TB_KW,4,0.5,f1_score,0.91
545,TB_KW,4,0.7,f1_score,0.43
546,FP_HK,4,0.3,f1_score,0.59
547,FP_HK,4,0.5,f1_score,0.55
548,FP_HK,4,0.7,f1_score,0.2
549,PY_HN,4,0.5,f1_score,0.67
550,PY_HN,4,0.7,f1_score,0.0
551,AP_PA,4,0.5,f1_score,0.62
552,OP_SE,4,0.3,f1_score,0.86
553,OP_SE,4,0.5,f1_score,0.77
554,OP_SE,4,0.7,f1_score,0.0
555,FP_TW,4,0.3,f1_score,0.9
556,FP_TW,4,0.5,f1_score,0.87
557,FP_TW,4,0.7,f1_score,0.06
558,HS_SA,4,0.3,f1_score,0.82
559,HS_SA,4,0.5,f1_score,0.69
560,HS_SA,4,0.7,f1_score,0.01
561,PY_AR,4,0.5,f1_score,0.83
562,PY_AR,4,0.7,f1_score,0.7
563,FP_MM,4,0.3,f1_score,0.91
564,FP_MM,4,0.5,f1_score,0.87
565,FP_MM,4,0.7,f1_score,0.18
566,FP_KH,4,0.3,f1_score,0.81
567,FP_KH,4,0.5,f1_score,0.69
568,FP_KH,4,0.7,f1_score,0.06
569,TB_JO,4,0.5,f1_score,0.82
570,TB_JO,4,0.7,f1_score,0.12
571,TB_BH,4,0.5,f1_score,0.67
572,DJ_CZ,4,0.5,f1_score,0.8
573,TB_QA,4,0.5,f1_score,0.89
574,TB_QA,4,0.7,f1_score,0.11
575,MJM_AT,4,0.7,f1_score,0.29
576,PY_CL,4,0.5,f1_score,0.77
577,PY_PE,4,0.3,f1_score,0.91
578,PY_PE,4,0.5,f1_score,0.78
579,PY_PE,4,0.7,f1_score,0.07
580,PY_DO,4,0.5,f1_score,0.87
581,PY_DO,4,0.7,f1_score,0.53
582,NP_HU,4,0.7,f1_score,0.0
583,FP_BD,4,0.3,f1_score,0.84
584,FP_BD,4,0.5,f1_score,0.61
585,TB_IQ,4,0.7,f1_score,0.88
586,FP_LA,4,0.5,f1_score,0.84
587,FP_LA,4,0.7,f1_score,0.08
588,PY_SV,4,0.7,f1_score,0.82
589,TB_AE,4,0.5,f1_score,0.84
590,TB_AE,4,0.7,f1_score,0.11
591,EF_GR,4,0.5,f1_score,0.89
592,EF_GR,4,0.7,f1_score,0.49
593,FP_PK,4,0.3,f1_score,0.78
594,FP_PK,4,0.5,f1_score,0.66
595,PY_PY,4,0.5,f1_score,0.82
596,FY_CY,4,0.7,f1_score,0.5
597,FO_NO,4,0.5,f1_score,0.9
598,PY_GT,1,0.3,precision_recall_auc,0.17
599,FP_SG,1,0.3,precision_recall_auc,0.57
600,FP_TH,1,0.3,precision_recall_auc,0.62
601,YS_TR,1,0.3,precision_recall_auc,0.3
602,YS_TR,1,0.5,precision_recall_auc,0.64
603,HF_EG,1,0.3,precision_recall_auc,0.43
604,HF_EG,1,0.5,precision_recall_auc,0.18
605,TB_OM,1,0.3,precision_recall_auc,0.65
606,IN_AE,1,0.3,precision_recall_auc,0.58
607,PY_BO,1,0.3,precision_recall_auc,0.15
608,PY_CR,1,0.3,precision_recall_auc,0.25
609,FP_PH,1,0.3,precision_recall_auc,0.58
610,FP_PH,1,0.5,precision_recall_auc,0.27
611,IN_EG,1,0.3,precision_recall_auc,0.49
612,PY_EC,1,0.3,precision_recall_auc,0.49
613,IN_OM,1,0.3,precision_recall_auc,0.1
614,FP_HK,1,0.3,precision_recall_auc,0.61
615,PY_HN,1,0.3,precision_recall_auc,0.68
616,AP_PA,1,0.3,precision_recall_auc,0.29
617,OP_SE,1,0.3,precision_recall_auc,0.16
618,OP_SE,1,0.5,precision_recall_auc,0.1
619,OP_SE,1,0.7,precision_recall_auc,0.1
620,FP_TW,1,0.3,precision_recall_auc,0.59
621,FP_TW,1,0.5,precision_recall_auc,0.7
622,FP_TW,1,0.7,precision_recall_auc,0.7
623,HS_SA,1,0.3,precision_recall_auc,0.34
624,PY_AR,1,0.5,precision_recall_auc,0.36
625,FP_MM,1,0.3,precision_recall_auc,0.58
626,FP_KH,1,0.3,precision_recall_auc,0.33
627,FP_KH,1,0.5,precision_recall_auc,0.15
628,FP_KH,1,0.7,precision_recall_auc,0.15
629,TB_JO,1,0.3,precision_recall_auc,0.66
630,TB_BH,1,0.3,precision_recall_auc,0.52
631,DJ_CZ,1,0.3,precision_recall_auc,0.25
632,TB_QA,1,0.3,precision_recall_auc,0.67
633,MJM_AT,1,0.3,precision_recall_auc,0.51
634,IN_BH,1,0.3,precision_recall_auc,0.16
635,PY_CL,1,0.3,precision_recall_auc,0.33
636,PY_DO,1,0.3,precision_recall_auc,0.5
637,NP_HU,1,0.3,precision_recall_auc,0.22
638,NP_HU,1,0.5,precision_recall_auc,0.1
639,FP_BD,1,0.3,precision_recall_auc,0.28
640,PY_UY,1,0.3,precision_recall_auc,0.33
641,FP_LA,1,0.3,precision_recall_auc,0.67
642,PY_SV,1,0.3,precision_recall_auc,0.61
643,IN_QA,1,0.3,precision_recall_auc,0.02
644,EF_GR,1,0.5,precision_recall_auc,0.19
645,FP_PK,1,0.3,precision_recall_auc,0.32
646,PY_PY,1,0.3,precision_recall_auc,0.4
647,FY_CY,1,0.5,precision_recall_auc,0.37
648,FO_NO,1,0.3,precision_recall_auc,0.24
649,PY_GT,3,0.3,precision_recall_auc,0.89
650,PY_GT,3,0.5,precision_recall_auc,0.78
651,FP_SG,3,0.3,precision_recall_auc,0.86
652,FP_SG,3,0.5,precision_recall_auc,0.65
653,FP_TH,3,0.5,precision_recall_auc,0.81
654,YS_TR,3,0.3,precision_recall_auc,0.89
655,YS_TR,3,0.5,precision_recall_auc,0.71
656,HF_EG,3,0.3,precision_recall_auc,0.85
657,HF_EG,3,0.5,precision_recall_auc,0.79
658,TB_OM,3,0.5,precision_recall_auc,0.76
659,TB_OM,3,0.7,precision_recall_auc,0.59
660,IN_AE,3,0.5,precision_recall_auc,0.9
661,IN_AE,3,0.7,precision_recall_auc,0.76
662,PY_BO,3,0.3,precision_recall_auc,0.86
663,PY_BO,3,0.5,precision_recall_auc,0.74
664,PY_CR,3,0.3,precision_recall_auc,0.8
665,PY_CR,3,0.5,precision_recall_auc,0.68
666,FP_PH,3,0.3,precision_recall_auc,0.87
667,FP_PH,3,0.5,precision_recall_auc,0.82
668,IN_EG,3,0.3,precision_recall_auc,0.94
669,IN_EG,3,0.5,precision_recall_auc,0.92
670,IN_EG,3,0.7,precision_recall_auc,0.92
671,FP_MY,3,0.5,precision_recall_auc,0.84
672,PY_EC,3,0.3,precision_recall_auc,0.76
673,PY_EC,3,0.5,precision_recall_auc,0.58
674,TB_KW,3,0.5,precision_recall_auc,0.89
675,TB_KW,3,0.7,precision_recall_auc,0.85
676,FP_HK,3,0.5,precision_recall_auc,0.75
677,FP_HK,3,0.7,precision_recall_auc,0.32
678,PY_HN,3,0.3,precision_recall_auc,0.75
679,PY_HN,3,0.5,precision_recall_auc,0.55
680,AP_PA,3,0.3,precision_recall_auc,0.93
681,AP_PA,3,0.5,precision_recall_auc,0.86
682,OP_SE,3,0.3,precision_recall_auc,0.81
683,OP_SE,3,0.5,precision_recall_auc,0.53
684,FP_TW,3,0.3,precision_recall_auc,0.9
685,FP_TW,3,0.5,precision_recall_auc,0.87
686,HS_SA,3,0.3,precision_recall_auc,0.8
687,HS_SA,3,0.5,precision_recall_auc,0.65
688,PY_AR,3,0.5,precision_recall_auc,0.83
689,PY_AR,3,0.7,precision_recall_auc,0.69
690,FP_MM,3,0.3,precision_recall_auc,0.87
691,FP_MM,3,0.5,precision_recall_auc,0.8
692,FP_KH,3,0.3,precision_recall_auc,0.79
693,FP_KH,3,0.5,precision_recall_auc,0.72
694,TB_JO,3,0.3,precision_recall_auc,0.92
695,TB_JO,3,0.5,precision_recall_auc,0.9
696,TB_BH,3,0.3,precision_recall_auc,0.87
697,TB_BH,3,0.5,precision_recall_auc,0.71
698,DJ_CZ,3,0.3,precision_recall_auc,0.86
699,DJ_CZ,3,0.5,precision_recall_auc,0.7
700,TB_QA,3,0.5,precision_recall_auc,0.76
701,MJM_AT,3,0.3,precision_recall_auc,0.88
702,MJM_AT,3,0.5,precision_recall_auc,0.82
703,PY_CL,3,0.3,precision_recall_auc,0.8
704,PY_CL,3,0.5,precision_recall_auc,0.63
705,PY_PE,3,0.3,precision_recall_auc,0.89
706,PY_PE,3,0.5,precision_recall_auc,0.77
707,PY_DO,3,0.3,precision_recall_auc,0.86
708,PY_DO,3,0.5,precision_recall_auc,0.81
709,NP_HU,3,0.3,precision_recall_auc,0.77
710,NP_HU,3,0.5,precision_recall_auc,0.62
711,FP_BD,3,0.3,precision_recall_auc,0.81
712,FP_BD,3,0.5,precision_recall_auc,0.64
713,PY_UY,3,0.3,precision_recall_auc,0.81
714,PY_UY,3,0.5,precision_recall_auc,0.74
715,TB_IQ,3,0.5,precision_recall_auc,0.93
716,TB_IQ,3,0.7,precision_recall_auc,0.88
717,FP_LA,3,0.3,precision_recall_auc,0.86
718,FP_LA,3,0.5,precision_recall_auc,0.81
719,PY_SV,3,0.3,precision_recall_auc,0.91
720,PY_SV,3,0.5,precision_recall_auc,0.86
721,PY_SV,3,0.7,precision_recall_auc,0.78
722,TB_AE,3,0.5,precision_recall_auc,0.8
723,TB_AE,3,0.7,precision_recall_auc,0.37
724,EF_GR,3,0.5,precision_recall_auc,0.89
725,EF_GR,3,0.7,precision_recall_auc,0.83
726,FP_PK,3,0.3,precision_recall_auc,0.79
727,FP_PK,3,0.5,precision_recall_auc,0.64
728,PY_PY,3,0.3,precision_recall_auc,0.93
729,PY_PY,3,0.5,precision_recall_auc,0.8
730,FY_CY,3,0.5,precision_recall_auc,0.88
731,FY_CY,3,0.7,precision_recall_auc,0.76
732,PO_FI,3,0.3,precision_recall_auc,0.92
733,PO_FI,3,0.5,precision_recall_auc,0.82
734,FO_NO,3,0.3,precision_recall_auc,0.75
735,FO_NO,3,0.5,precision_recall_auc,0.5
736,PY_GT,2,0.3,precision_recall_auc,0.65
737,FP_SG,2,0.3,precision_recall_auc,0.81
738,FP_SG,2,0.5,precision_recall_auc,0.51
739,FP_TH,2,0.5,precision_recall_auc,0.69
740,YS_TR,2,0.3,precision_recall_auc,0.7
741,YS_TR,2,0.5,precision_recall_auc,0.85
742,HF_EG,2,0.3,precision_recall_auc,0.54
743,HF_EG,2,0.5,precision_recall_auc,0.6
744,HF_EG,2,0.7,precision_recall_auc,0.22
745,TB_OM,2,0.3,precision_recall_auc,0.74
746,TB_OM,2,0.5,precision_recall_auc,0.54
747,IN_AE,2,0.3,precision_recall_auc,0.76
748,IN_AE,2,0.5,precision_recall_auc,0.62
749,PY_BO,2,0.3,precision_recall_auc,0.69
750,PY_BO,2,0.5,precision_recall_auc,0.83
751,PY_CR,2,0.3,precision_recall_auc,0.67
752,PY_CR,2,0.5,precision_recall_auc,0.29
753,FP_PH,2,0.3,precision_recall_auc,0.78
754,FP_PH,2,0.5,precision_recall_auc,0.63
755,IN_EG,2,0.3,precision_recall_auc,0.79
756,IN_EG,2,0.5,precision_recall_auc,0.67
757,FP_MY,2,0.5,precision_recall_auc,0.65
758,PY_EC,2,0.3,precision_recall_auc,0.66
759,TB_KW,2,0.5,precision_recall_auc,0.69
760,FP_HK,2,0.3,precision_recall_auc,0.78
761,FP_HK,2,0.5,precision_recall_auc,0.59
762,PY_HN,2,0.3,precision_recall_auc,0.65
763,PY_HN,2,0.5,precision_recall_auc,0.44
764,AP_PA,2,0.3,precision_recall_auc,0.64
765,AP_PA,2,0.5,precision_recall_auc,0.62
766,OP_SE,2,0.3,precision_recall_auc,0.57
767,OP_SE,2,0.5,precision_recall_auc,0.3
768,FP_TW,2,0.3,precision_recall_auc,0.78
769,FP_TW,2,0.5,precision_recall_auc,0.67
770,HS_SA,2,0.3,precision_recall_auc,0.7
771,HS_SA,2,0.5,precision_recall_auc,0.67
772,PY_AR,2,0.5,precision_recall_auc,0.64
773,PY_AR,2,0.7,precision_recall_auc,0.55
774,FP_MM,2,0.3,precision_recall_auc,0.77
775,FP_MM,2,0.5,precision_recall_auc,0.64
776,FP_KH,2,0.3,precision_recall_auc,0.68
777,FP_KH,2,0.5,precision_recall_auc,0.69
778,TB_JO,2,0.3,precision_recall_auc,0.83
779,TB_JO,2,0.5,precision_recall_auc,0.68
780,TB_BH,2,0.3,precision_recall_auc,0.77
781,TB_BH,2,0.5,precision_recall_auc,0.6
782,DJ_CZ,2,0.3,precision_recall_auc,0.61
783,DJ_CZ,2,0.5,precision_recall_auc,0.57
784,TB_QA,2,0.5,precision_recall_auc,0.64
785,MJM_AT,2,0.3,precision_recall_auc,0.77
786,MJM_AT,2,0.5,precision_recall_auc,0.67
787,IN_BH,2,0.3,precision_recall_auc,0.06
788,IN_BH,2,0.5,precision_recall_auc,0.06
789,PY_CL,2,0.3,precision_recall_auc,0.61
790,PY_CL,2,0.5,precision_recall_auc,0.39
791,PY_PE,2,0.3,precision_recall_auc,0.64
792,PY_DO,2,0.3,precision_recall_auc,0.7
793,PY_DO,2,0.5,precision_recall_auc,0.56
794,NP_HU,2,0.3,precision_recall_auc,0.59
795,NP_HU,2,0.5,precision_recall_auc,0.54
796,FP_BD,2,0.3,precision_recall_auc,0.61
797,FP_BD,2,0.5,precision_recall_auc,0.26
798,PY_UY,2,0.3,precision_recall_auc,0.74
799,PY_UY,2,0.5,precision_recall_auc,0.74
800,TB_IQ,2,0.5,precision_recall_auc,0.82
801,FP_LA,2,0.3,precision_recall_auc,0.81
802,FP_LA,2,0.5,precision_recall_auc,0.66
803,PY_SV,2,0.3,precision_recall_auc,0.81
804,PY_SV,2,0.5,precision_recall_auc,0.69
805,TB_AE,2,0.5,precision_recall_auc,0.65
806,EF_GR,2,0.5,precision_recall_auc,0.7
807,FP_PK,2,0.3,precision_recall_auc,0.54
808,FP_PK,2,0.5,precision_recall_auc,0.45
809,PY_PY,2,0.3,precision_recall_auc,0.71
810,PY_PY,2,0.5,precision_recall_auc,0.85
811,FY_CY,2,0.5,precision_recall_auc,0.66
812,FY_CY,2,0.7,precision_recall_auc,0.72
813,PO_FI,2,0.3,precision_recall_auc,0.58
814,FO_NO,2,0.3,precision_recall_auc,0.58
815,PY_GT,4,0.3,precision_recall_auc,0.87
816,PY_GT,4,0.5,precision_recall_auc,0.81
817,FP_SG,4,0.5,precision_recall_auc,0.79
818,FP_SG,4,0.7,precision_recall_auc,0.32
819,FP_TH,4,0.5,precision_recall_auc,0.89
820,FP_TH,4,0.7,precision_recall_auc,0.69
821,YS_TR,4,0.3,precision_recall_auc,0.9
822,YS_TR,4,0.5,precision_recall_auc,0.81
823,HF_EG,4,0.3,precision_recall_auc,0.92
824,HF_EG,4,0.5,precision_recall_auc,0.91
825,HF_EG,4,0.7,precision_recall_auc,0.93
826,TB_OM,4,0.5,precision_recall_auc,0.9
827,TB_OM,4,0.7,precision_recall_auc,0.74
828,IN_AE,4,0.5,precision_recall_auc,0.96
829,IN_AE,4,0.7,precision_recall_auc,0.9
830,PY_BO,4,0.3,precision_recall_auc,0.85
831,PY_BO,4,0.5,precision_recall_auc,0.81
832,PY_CR,4,0.3,precision_recall_auc,0.74
833,PY_CR,4,0.5,precision_recall_auc,0.7
834,FP_PH,4,0.3,precision_recall_auc,0.9
835,FP_PH,4,0.5,precision_recall_auc,0.89
836,FP_PH,4,0.7,precision_recall_auc,0.67
837,IN_EG,4,0.3,precision_recall_auc,0.93
838,IN_EG,4,0.5,precision_recall_auc,0.92
839,IN_EG,4,0.7,precision_recall_auc,0.88
840,FP_MY,4,0.5,precision_recall_auc,0.88
841,PY_EC,4,0.3,precision_recall_auc,0.79
842,PY_EC,4,0.5,precision_recall_auc,0.65
843,TB_KW,4,0.5,precision_recall_auc,0.93
844,TB_KW,4,0.7,precision_recall_auc,0.8
845,FP_HK,4,0.3,precision_recall_auc,0.7
846,FP_HK,4,0.5,precision_recall_auc,0.66
847,FP_HK,4,0.7,precision_recall_auc,0.38
848,PY_HN,4,0.5,precision_recall_auc,0.75
849,PY_HN,4,0.7,precision_recall_auc,0.32
850,AP_PA,4,0.5,precision_recall_auc,0.73
851,OP_SE,4,0.3,precision_recall_auc,0.89
852,OP_SE,4,0.5,precision_recall_auc,0.86
853,OP_SE,4,0.7,precision_recall_auc,0.41
854,FP_TW,4,0.3,precision_recall_auc,0.91
855,FP_TW,4,0.5,precision_recall_auc,0.9
856,FP_TW,4,0.7,precision_recall_auc,0.64
857,HS_SA,4,0.3,precision_recall_auc,0.86
858,HS_SA,4,0.5,precision_recall_auc,0.8
859,HS_SA,4,0.7,precision_recall_auc,0.45
860,PY_AR,4,0.5,precision_recall_auc,0.86
861,PY_AR,4,0.7,precision_recall_auc,0.81
862,FP_MM,4,0.3,precision_recall_auc,0.93
863,FP_MM,4,0.5,precision_recall_auc,0.92
864,FP_MM,4,0.7,precision_recall_auc,0.86
865,FP_KH,4,0.3,precision_recall_auc,0.85
866,FP_KH,4,0.5,precision_recall_auc,0.79
867,FP_KH,4,0.7,precision_recall_auc,0.62
868,TB_JO,4,0.5,precision_recall_auc,0.85
869,TB_JO,4,0.7,precision_recall_auc,0.57
870,TB_BH,4,0.5,precision_recall_auc,0.77
871,DJ_CZ,4,0.5,precision_recall_auc,0.86
872,TB_QA,4,0.5,precision_recall_auc,0.91
873,TB_QA,4,0.7,precision_recall_auc,0.75
874,MJM_AT,4,0.7,precision_recall_auc,0.8
875,PY_CL,4,0.5,precision_recall_auc,0.82
876,PY_PE,4,0.3,precision_recall_auc,0.93
877,PY_PE,4,0.5,precision_recall_auc,0.9
878,PY_PE,4,0.7,precision_recall_auc,0.94
879,PY_DO,4,0.5,precision_recall_auc,0.9
880,PY_DO,4,0.7,precision_recall_auc,0.83
881,NP_HU,4,0.7,precision_recall_auc,0.45
882,FP_BD,4,0.3,precision_recall_auc,0.87
883,FP_BD,4,0.5,precision_recall_auc,0.79
884,TB_IQ,4,0.7,precision_recall_auc,0.94
885,FP_LA,4,0.5,precision_recall_auc,0.89
886,FP_LA,4,0.7,precision_recall_auc,0.51
887,PY_SV,4,0.7,precision_recall_auc,0.94
888,TB_AE,4,0.5,precision_recall_auc,0.89
889,TB_AE,4,0.7,precision_recall_auc,0.76
890,EF_GR,4,0.5,precision_recall_auc,0.91
891,EF_GR,4,0.7,precision_recall_auc,0.79
892,FP_PK,4,0.3,precision_recall_auc,0.82
893,FP_PK,4,0.5,precision_recall_auc,0.75
894,PY_PY,4,0.5,precision_recall_auc,0.9
895,FY_CY,4,0.7,precision_recall_auc,0.67
896,FO_NO,4,0.5,precision_recall_auc,0.95
